facile;A quel âge est mort Kurt Cobain;Musique;22ans;25ans;27ans;29ans;27ans;1;
facile;A quel âge est mort Kurt Cobain;Musique;22ans;25ans;27ans;29ans;27ans;3;
facile;A quel âge est mort Kurt Cobain;Musique;22ans;25ans;27ans;29ans;27ans;1;
facile;A quel âge est mort Kurt Cobain;Musique;22ans;25ans;27ans;29ans;27ans;2;
facile;A quel âge est mort Kurt Cobain;Musique;22ans;25ans;27ans;29ans;27ans;3;
facile;A quel âge est mort Kurt Cobain;Musique;22ans;25ans;27ans;29ans;27ans;1;
facile;A quel âge est mort Kurt Cobain;Musique;22ans;25ans;27ans;29ans;27ans;1;
facile;A quel âge est mort Kurt Cobain;Musique;22ans;25ans;27ans;29ans;27ans;1;
facile;A quel âge est mort Kurt Cobain;Musique;22ans;25ans;27ans;29ans;27ans;3;
facile;A quel âge est mort Kurt Cobain;Musique;22ans;25ans;27ans;29ans;27ans;1;
facile;A quel âge est mort Kurt Cobain;Musique;22ans;25ans;27ans;29ans;27ans;3;
facile;A quel âge est mort Kurt Cobain;Musique;22ans;25ans;27ans;29ans;27ans;2;
facile;A quel âge est mort Kurt Cobain;Musique;22ans;25ans;27ans;29ans;27ans;2;
facile;A quel âge est mort Kurt Cobain;Musique;22ans;25ans;27ans;29ans;27ans;2;
facile;A quel âge est mort Kurt Cobain;Musique;22ans;25ans;27ans;29ans;27ans;3;